<?xml version="1.0" encoding="UTF-8"?>
<!DOCTYPE mapper PUBLIC "-//mybatis.org//DTD Mapper 3.0//EN" "http://mybatis.org/dtd/mybatis-3-mapper.dtd">
<mapper namespace="com.koreait.ap.ApMapper">

    <select id="selLocationList" resultType="LocationCodeEntity">
        SELECT * FROM location_code
    </select>

    <select id="selLocation" resultType="LocationCodeEntity">
        SELECT * FROM location_code
        WHERE excd = #{excd}
    </select>

    <select id="selApartmentInfoList" resultType="ApartmentInfoEntity">
        SELECT A.*, B.localnm
        FROM apartment_info A
        INNER JOIN location_code B
        ON A.locationcode = B.icd
        WHERE A.excd = #{excd} and A.dealmonth = #{month} and A.dealyear = #{year}
        ORDER BY A.dealamout
    </select>


    <insert id="insApartmentInfo">
        INSERT INTO apartment_info
            (dealamout,buildyear,dealyear, dong,dealmonth, dealday, apartmentname, areaforexclusiveuse, jibun, locationcode,floor,excd)
        VALUES
            (#{dealamout},#{buildyear}, #{dealyear}, #{dong}, #{dealmonth}, #{dealday}, #{apartmentname}, #{areaforexclusiveuse}, #{jibun}, #{locationcode},#{floor},#{excd})
    </insert>

</mapper>